Workbook

Sheet Port_NASDAQ
A1: Portfolio of Companies | B1: Ticker | C1: Sector | D1: Industry
A2: Zenas BioPharma, Inc. | B2: ZBIO | C2: Health Care | D2: Biotechnology: Pharmaceutical Preparations
A3: Zillow Group, Inc. | B3: Z | C3: Real Estate | D3: Real Estate
A4: Zebra Technologies Corporation | B4: ZBRA | C4: Industrials | D4: Industrial Machinery/Components
A5: Zions Bancorporation, National Association | B5: ZION | C5: Finance | D5: Major Banks
A6: HIVE Digital Technologies Ltd. | B6: HIVE | C6: Finance | D6: Finance: Consumer Services
A7: Hut 8 Corp. | B7: HUT | C7: Finance | D7: Finance: Consumer Services
A8: Cadence Design Systems, Inc. | B8: CDNS | C8: Technology | D8: Computer Software: Prepackaged Software
A9: CSX Corporation | B9: CSX | C9: Industrials | D9: Railroads

Sheet ZBIO
A1: Date | B1: Volume | C1: TD | D1: CP | E1: SMA5 | F1: BSR
A2: 45817 | B2: 184400 | C2: 1 | D2: 11.92 | F2: {=SUMPRODUCT(--(D7:D39>E7:E39))/33} -> 0.66666667
A3: 45818 | B3: 190700 | C3: 2 | D3: 11.94
A4: 45819 | B4: 1080700 | C4: 3 | D4: 12.11
A5: 45820 | B5: 88800 | C5: 4 | D5: 11.32
A6: 45821 | B6: 172800 | C6: 5 | D6: 10.33
A7: 45824 | B7: 137600 | C7: 6 | D7: 9.97 | E7: =AVERAGE(D2:D6) -> 11.524
A8: 45825 | B8: 176000 | C8: 7 | D8: 9.68 | E8: =AVERAGE(D3:D7) -> 11.134
A9: 45826 | B9: 130900 | C9: 8 | D9: 9.31 | E9: =AVERAGE(D4:D8) -> 10.682
A10: 45828 | B10: 180100 | C10: 9 | D10: 9.19 | E10: =AVERAGE(D5:D9) -> 10.122
A11: 45831 | B11: 113700 | C11: 10 | D11: 9.47 | E11: =AVERAGE(D6:D10) -> 9.696
A12: 45832 | B12: 179900 | C12: 11 | D12: 10.02 | E12: =AVERAGE(D7:D11) -> 9.524
A13: 45833 | B13: 121000 | C13: 12 | D13: 10.19 | E13: =AVERAGE(D8:D12) -> 9.534
A14: 45834 | B14: 145400 | C14: 13 | D14: 10.15 | E14: =AVERAGE(D9:D13) -> 9.636
A15: 45835 | B15: 489000 | C15: 14 | D15: 9.58 | E15: =AVERAGE(D10:D14) -> 9.804
A16: 45838 | B16: 165500 | C16: 15 | D16: 9.69 | E16: =AVERAGE(D11:D15) -> 9.882
A17: 45839 | B17: 260100 | C17: 16 | D17: 9.14 | E17: =AVERAGE(D12:D16) -> 9.926
A18: 45840 | B18: 194400 | C18: 17 | D18: 10.22 | E18: =AVERAGE(D13:D17) -> 9.75
... A39: 45870 | B39: 164600 | C39: 38 | D39: 15.41 | E39: =AVERAGE(D34:D38) -> 15.924
A42: CP=8.6539+0.1749*TD
A44: SUMMARY OUTPUT
A46: Regression Statistics
A47: Multiple R | B47: 0.7956975
A48: R Square | B48: 0.63313452
A49: Adjusted R Square | B49: 0.62294381
A50: Standard Error | B50: 1.5003015
A51: Observations | B51: 38
A53: ANOVA
B54: df | C54: SS | D54: MS | E54: F | F54: Significance F
A55: Regression | B55: 1 | C55: 139.84558 | D55: 139.84558 | E55: 62.12861 | F55: 2.3700035e-09
A56: Residual | B56: 36 | C56: 81.032569 | D56: 2.2509047
A57: Total | B57: 37 | C57: 220.87815
B59: Coefficients | C59: Standard Error | D59: t Stat | E59: P-value | F59: Lower 95% | G59: Upper 95% | H59: Lower 95.0% | I59: Upper 95.0%
A60: Intercept | B60: 8.653926 | C60: 0.49653087 | D60: 17.428778 | E60: 3.9449472e-19 | F60: 7.6469148 | G60: 9.6609373 | H60: 7.6469148 | I60: 9.6609373
A61: TD | B61: 0.17494037 | C61: 0.022194441 | D61: 7.8821704 | E61: 2.3700035e-09 | F61: 0.12992795 | G61: 0.21995278 | H61: 0.12992795 | I61: 0.21995278
A65: RESIDUAL OUTPUT
A67: Observation | B67: Predicted CP | C67: Residuals | D67: Standard Residuals
A68: 1 | B68: 8.8288664 | C68: 3.0911336 | D68: 2.0887614
A69: 2 | B69: 9.0038068 | C69: 2.9361932 | D69: 1.9840641
A70: 3 | B70: 9.1787471 | C70: 2.9312529 | D70: 1.9807257
A71: 4 | B71: 9.3536875 | C71: 1.9663125 | D71: 1.3286898
A72: 5 | B72: 9.5286279 | C72: 0.80137214 | D72: 0.54150853
A73: 6 | B73: 9.7035682 | C73: 0.26643178 | D73: 0.18003506
A74: 7 | B74: 9.8785086 | C74: -0.19850859 | D74: -0.13413755
A75: 8 | B75: 10.053449 | C75: -0.74344896 | D75: -0.50236829
A76: 9 | B76: 10.228389 | C76: -1.0383893 | D76: -0.70166736
A77: 10 | B77: 10.40333 | C77: -0.93332969 | D77: -0.63067576
A78: 11 | B78: 10.57827 | C78: -0.55827005 | D78: -0.37723796
A79: 12 | B79: 10.75321 | C79: -0.56321042 | D79: -0.3805763
... A105: 38 | B105: 15.30166 | C105: 0.10834008 | D105: 0.073208282
A108: Actual return
A109: Date | B109: Volume | C109: Open | D109: Close
A110: 45873 | B110: 166600 | C110: 15.62 | D110: 16.81
A111: 45874 | B111: 144500 | C111: 16.77 | D111: 16.09
A112: 45875 | B112: 117200 | C112: 15.98 | D112: 15.7
A113: 45876 | B113: 175200 | C113: 15.61 | D113: 14.8
A114: 45877 | B114: 84400 | C114: 14.81 | D114: 14.63
A115: 45880 | B115: 87800 | C115: 14.76 | D115: 14.9
A116: 45881 | B116: 98000 | C116: 14.51 | D116: 15.9
A117: 45882 | B117: 78000 | C117: 16.2 | D117: 16.71
A118: 45883 | B118: 79200 | C118: 16.62 | D118: 16.76
A119: 45884 | B119: 128600 | C119: 16.88 | D119: 16.82

Sheet Z
A1: Date | B1: Volume | C1: TD | D1: CP | E1: SMA5 | F1: BSR
A2: 45817 | B2: 1256200 | C2: 1 | D2: 70.28 | F2: {=SUMPRODUCT(--(D7:D39>E7:E39))/33} -> 0.60606061
A3: 45818 | B3: 1408100 | C3: 2 | D3: 71.51
A4: 45819 | B4: 1838200 | C4: 3 | D4: 71.12
A5: 45820 | B5: 1499000 | C5: 4 | D5: 71.77
A6: 45821 | B6: 1707800 | C6: 5 | D6: 70.37
A7: 45824 | B7: 1090200 | C7: 6 | D7: 70.94 | E7: =AVERAGE(D2:D6) -> 71.01
A8: 45825 | B8: 2628100 | C8: 7 | D8: 67.63 | E8: =AVERAGE(D3:D7) -> 71.142
A9: 45826 | B9: 1441200 | C9: 8 | D9: 67.53 | E9: =AVERAGE(D4:D8) -> 70.366
A10: 45828 | B10: 1733700 | C10: 9 | D10: 68.24 | E10: =AVERAGE(D5:D9) -> 69.648
A11: 45831 | B11: 1713500 | C11: 10 | D11: 69.06 | E11: =AVERAGE(D6:D10) -> 68.942
A12: 45832 | B12: 1718800 | C12: 11 | D12: 70.22 | E12: =AVERAGE(D7:D11) -> 68.68
A13: 45833 | B13: 1281400 | C13: 12 | D13: 68.45 | E13: =AVERAGE(D8:D12) -> 68.536
A14: 45834 | B14: 1340600 | C14: 13 | D14: 69.22 | E14: =AVERAGE(D9:D13) -> 68.7
A15: 45835 | B15: 1355800 | C15: 14 | D15: 69.74 | E15: =AVERAGE(D10:D14) -> 69.038
A16: 45838 | B16: 1894500 | C16: 15 | D16: 70.05 | E16: =AVERAGE(D11:D15) -> 69.338
A17: 45839 | B17: 3513100 | C17: 16 | D17: 71.5 | E17: =AVERAGE(D12:D16) -> 69.536
A18: 45840 | B18: 2039900 | C18: 17 | D18: 71 | E18: =AVERAGE(D13:D17) -> 69.792
... A39: 45870 | B39: 2186900 | C39: 38 | D39: 80.2 | E39: =AVERAGE(D34:D38) -> 80.28
A42: CP=67.1023+0.3734*TD
A44: SUMMARY OUTPUT
A46: Regression Statistics
A47: Multiple R | B47: 0.89363958
A48: R Square | B48: 0.7985917
A49: Adjusted R Square | B49: 0.79299703
A50: Standard Error | B50: 2.1128516
A51: Observations | B51: 38
A53: ANOVA
B54: df | C54: SS | D54: MS | E54: F | F54: Significance F
A55: Regression | B55: 1 | C55: 637.21782 | D55: 637.21782 | E55: 142.74139 | F55: 4.3668141e-14
A56: Residual | B56: 36 | C56: 160.70911 | D56: 4.4641418
A57: Total | B57: 37 | C57: 797.92693
B59: Coefficients | C59: Standard Error | D59: t Stat | E59: P-value | F59: Lower 95% | G59: Upper 95% | H59: Lower 95.0% | I59: Upper 95.0%
A60: Intercept | B60: 67.102319 | C60: 0.69925679 | D60: 95.962341 | E60: 5.6090597e-45 | F60: 65.68416 | G60: 68.520477 | H60: 65.68416 | I60: 68.520477
A61: TD | B61: 0.37343035 | C61: 0.03125609 | D61: 11.947443 | E61: 4.3668141e-14 | F61: 0.31004006 | G61: 0.43682064 | H61: 0.31004006 | I61: 0.43682064
A65: RESIDUAL OUTPUT
A67: Observation | B67: Predicted CP | C67: Residuals | D67: Standard Residuals
A68: 1 | B68: 67.475749 | C68: 2.804251 | D68: 1.3455428
A69: 2 | B69: 67.849179 | C69: 3.6608207 | D69: 1.7565442
A70: 3 | B70: 68.22261 | C70: 2.8973903 | D70: 1.3902331
A71: 4 | B71: 68.59604 | C71: 3.17396 | D71: 1.5229374
A72: 5 | B72: 68.96947 | C72: 1.4005296 | D72: 0.67200563
A73: 6 | B73: 69.342901 | C73: 1.5970992 | D73: 0.76632417
A74: 7 | B74: 69.716331 | C74: -2.0863311 | D74: -1.0010686
A75: 8 | B75: 70.089761 | C75: -2.5597615 | D75: -1.2282312
A76: 9 | B76: 70.463192 | C76: -2.2231918 | D76: -1.0667375
A77: 10 | B77: 70.836622 | C77: -1.7766222 | D77: -0.85246331
A78: 11 | B78: 71.210053 | C78: -0.99005252 | D78: -0.47504949
A79: 12 | B79: 71.583483 | C79: -3.1334829 | D79: -1.5035156
... A105: 38 | B105: 81.292672 | C105: -1.0926721 | D105: -0.52428865
A108: Actual return
A109: Date | B109: Volume | C109: Open | D109: Close
A110: 45873 | B110: 2716700 | C110: 81.17 | D110: 83.65
A111: 45874 | B111: 3493500 | C111: 83.81 | D111: 82.49
A112: 45875 | B112: 6198900 | C112: 82.55 | D112: 85.18
A113: 45876 | B113: 4602100 | C113: 82.69 | D113: 84.63
A114: 45877 | B114: 2975400 | C114: 83.91 | D114: 80.92
A115: 45880 | B115: 2569000 | C115: 80.71 | D115: 79.4
A116: 45881 | B116: 3728200 | C116: 80.35 | D116: 80.17
A117: 45882 | B117: 4995900 | C117: 81 | D117: 84.84
A118: 45883 | B118: 4300700 | C118: 83.43 | D118: 85.27
A119: 45884 | B119: 2393100 | C119: 85.35 | D119: 85.11

Sheet ZBRA
A1: Date | B1: Volume | C1: TD | D1: CP | E1: SMA5 | F1: BSR
A2: 45817 | B2: 341700 | C2: 1 | D2: 298.63 | F2: {=SUMPRODUCT(--(D7:D39>E7:E39))/33} -> 0.78787879
A3: 45818 | B3: 398500 | C3: 2 | D3: 299.56
A4: 45819 | B4: 384200 | C4: 3 | D4: 292.82
A5: 45820 | B5: 295900 | C5: 4 | D5: 292.68
A6: 45821 | B6: 309700 | C6: 5 | D6: 283.61
A7: 45824 | B7: 379000 | C7: 6 | D7: 293.06 | E7: =AVERAGE(D2:D6) -> 293.46
A8: 45825 | B8: 570200 | C8: 7 | D8: 289.36 | E8: =AVERAGE(D3:D7) -> 292.346
A9: 45826 | B9: 571200 | C9: 8 | D9: 291.73 | E9: =AVERAGE(D4:D8) -> 290.306
A10: 45828 | B10: 777900 | C10: 9 | D10: 294.04 | E10: =AVERAGE(D5:D9) -> 290.088
A11: 45831 | B11: 411700 | C11: 10 | D11: 296.25 | E11: =AVERAGE(D6:D10) -> 290.36
A12: 45832 | B12: 541600 | C12: 11 | D12: 298.94 | E12: =AVERAGE(D7:D11) -> 292.888
A13: 45833 | B13: 284900 | C13: 12 | D13: 303.05 | E13: =AVERAGE(D8:D12) -> 294.064
A14: 45834 | B14: 443200 | C14: 13 | D14: 308.32 | E14: =AVERAGE(D9:D13) -> 296.802
A15: 45835 | B15: 893900 | C15: 14 | D15: 309.26 | E15: =AVERAGE(D10:D14) -> 300.12
A16: 45838 | B16: 783800 | C16: 15 | D16: 308.36 | E16: =AVERAGE(D11:D15) -> 303.164
A17: 45839 | B17: 452000 | C17: 16 | D17: 315.48 | E17: =AVERAGE(D12:D16) -> 305.586
A18: 45840 | B18: 428800 | C18: 17 | D18: 320.39 | E18: =AVERAGE(D13:D17) -> 308.894
... A39: 45870 | B39: 976400 | C39: 38 | D39: 335.24 | E39: =AVERAGE(D34:D38) -> 334.678
A42: CP=288.3619+1.4031*TD
A44: SUMMARY OUTPUT
A46: Regression Statistics
A47: Multiple R | B47: 0.9388301
A48: R Square | B48: 0.88140196
A49: Adjusted R Square | B49: 0.87810757
A50: Standard Error | B50: 5.7986717
A51: Observations | B51: 38
A53: ANOVA
B54: df | C54: SS | D54: MS | E54: F | F54: Significance F
A55: Regression | B55: 1 | C55: 8996.1364 | D55: 8996.1364 | E55: 267.54632 | F55: 3.0203442e-18
A56: Residual | B56: 36 | C56: 1210.4854 | D56: 33.624593
A57: Total | B57: 37 | C57: 10206.622
B59: Coefficients | C59: Standard Error | D59: t Stat | E59: P-value | F59: Lower 95% | G59: Upper 95% | H59: Lower 95.0% | I59: Upper 95.0%
A60: Intercept | B60: 288.36186 | C60: 1.9190939 | D60: 150.25938 | E60: 5.698935e-52 | F60: 284.46976 | G60: 292.25397 | H60: 284.46976 | I60: 292.25397
A61: TD | B61: 1.4031163 | C61: 0.085781607 | D61: 16.356843 | E61: 3.0203442e-18 | F61: 1.2291432 | G61: 1.5770895 | H61: 1.2291432 | I61: 1.5770895
A65: RESIDUAL OUTPUT
A67: Observation | B67: Predicted CP | C67: Residuals | D67: Standard Residuals
A68: 1 | B68: 289.76498 | C68: 8.8650202 | D68: 1.5498898
A69: 2 | B69: 291.1681 | C69: 8.3919039 | D69: 1.4671739
A70: 3 | B70: 292.57121 | C70: 0.24878761 | D70: 0.043496053
A71: 4 | B71: 293.97433 | C71: -1.2943287 | D71: -0.22629016
A72: 5 | B72: 295.37745 | C72: -11.767445 | D72: -2.0573267
A73: 6 | B73: 296.78056 | C73: -3.7205613 | D73: -0.65047343
A74: 7 | B74: 298.18368 | C74: -8.8236776 | D74: -1.5426618
A75: 8 | B75: 299.58679 | C75: -7.856794 | D75: -1.3736195
A76: 9 | B76: 300.98991 | C76: -6.9499103 | D76: -1.2150672
A77: 10 | B77: 302.39303 | C77: -6.1430266 | D77: -1.073998
A78: 11 | B78: 303.79614 | C78: -4.8561429 | D78: -0.8490095
A79: 12 | B79: 305.19926 | C79: -2.1492592 | D79: -0.37575943
... A105: 38 | B105: 341.68028 | C105: -6.4402834 | D105: -1.1259681
A108: Actual return
A109: Date | B109: Volume | C109: Open | D109: Close
A110: 45873 | B110: 1032600 | C110: 337.86 | D110: 341.36
A111: 45874 | B111: 2001700 | C111: 350.64 | D111: 302.6
A112: 45875 | B112: 1127500 | C112: 303.01 | D112: 308.31
A113: 45876 | B113: 786100 | C113: 313.05 | D113: 316.01
A114: 45877 | B114: 612500 | C114: 319.03 | D114: 317.66
A115: 45880 | B115: 535600 | C115: 317.95 | D115: 312.45
A116: 45881 | B116: 628400 | C116: 315.82 | D116: 328.14
A117: 45882 | B117: 539200 | C117: 329.65 | D117: 337.8
A118: 45883 | B118: 604800 | C118: 334.92 | D118: 327.71
A119: 45884 | B119: 523900 | C119: 327.98 | D119: 317.9

Sheet ZION
A1: Date | B1: Volume | C1: TD | D1: CP | E1: SMA5 | F1: BSR
A2: 45817 | B2: 887300 | C2: 1 | D2: 49.3 | F2: {=SUMPRODUCT(--(D7:D39>E7:E39))/33} -> 0.66666667
A3: 45818 | B3: 934600 | C3: 2 | D3: 49.8
A4: 45819 | B4: 1500200 | C4: 3 | D4: 48.91
A5: 45820 | B5: 987400 | C5: 4 | D5: 48.72
A6: 45821 | B6: 1093100 | C6: 5 | D6: 47.43
A7: 45824 | B7: 1119900 | C7: 6 | D7: 47.85 | E7: =AVERAGE(D2:D6) -> 48.832
A8: 45825 | B8: 1590500 | C8: 7 | D8: 47.28 | E8: =AVERAGE(D3:D7) -> 48.542
A9: 45826 | B9: 1601600 | C9: 8 | D9: 48.33 | E9: =AVERAGE(D4:D8) -> 48.038
A10: 45828 | B10: 1483700 | C10: 9 | D10: 48.58 | E10: =AVERAGE(D5:D9) -> 47.922
A11: 45831 | B11: 1208000 | C11: 10 | D11: 49.47 | E11: =AVERAGE(D6:D10) -> 47.894
A12: 45832 | B12: 986000 | C12: 11 | D12: 50.09 | E12: =AVERAGE(D7:D11) -> 48.302
A13: 45833 | B13: 662900 | C13: 12 | D13: 50.13 | E13: =AVERAGE(D8:D12) -> 48.75
A14: 45834 | B14: 1021900 | C14: 13 | D14: 51.4 | E14: =AVERAGE(D9:D13) -> 49.32
A15: 45835 | B15: 1556900 | C15: 14 | D15: 51.47 | E15: =AVERAGE(D10:D14) -> 49.934
A16: 45838 | B16: 1174800 | C16: 15 | D16: 51.94 | E16: =AVERAGE(D11:D15) -> 50.512
A17: 45839 | B17: 1965200 | C17: 16 | D17: 53.75 | E17: =AVERAGE(D12:D16) -> 51.006
A18: 45840 | B18: 1421100 | C18: 17 | D18: 54.77 | E18: =AVERAGE(D13:D17) -> 51.738
... A39: 45870 | B39: 1451100 | C39: 38 | D39: 52.08 | E39: =AVERAGE(D34:D38) -> 54.668
A42: CP=48.5426+0.2285*TD
A44: SUMMARY OUTPUT
A46: Regression Statistics
A47: Multiple R | B47: 0.78685151
A48: R Square | B48: 0.61913531
A49: Adjusted R Square | B49: 0.60855573
A50: Standard Error | B50: 2.0190303
A51: Observations | B51: 38
A53: ANOVA
B54: df | C54: SS | D54: MS | E54: F | F54: Significance F
A55: Regression | B55: 1 | C55: 238.56297 | D55: 238.56297 | E55: 58.521757 | F55: 4.698648e-09
A56: Residual | B56: 36 | C56: 146.7534 | D56: 4.0764834
A57: Total | B57: 37 | C57: 385.31637
B59: Coefficients | C59: Standard Error | D59: t Stat | E59: P-value | F59: Lower 95% | G59: Upper 95% | H59: Lower 95.0% | I59: Upper 95.0%
A60: Intercept | B60: 48.542603 | C60: 0.66820626 | D60: 72.646137 | E60: 1.1990061e-40 | F60: 47.187418 | G60: 49.897788 | H60: 47.187418 | I60: 49.897788
A61: TD | B61: 0.22848999 | C61: 0.029868162 | D61: 7.6499514 | E61: 4.698648e-09 | F61: 0.16791455 | G61: 0.28906543 | H61: 0.16791455 | I61: 0.28906543
A65: RESIDUAL OUTPUT
A67: Observation | B67: Predicted CP | C67: Residuals | D67: Standard Residuals
A68: 1 | B68: 48.771093 | C68: 0.52890688 | D68: 0.26557427
A69: 2 | B69: 48.999583 | C69: 0.80041689 | D69: 0.40190464
A70: 3 | B70: 49.228073 | C70: -0.31807309 | D70: -0.15971059
A71: 4 | B71: 49.456563 | C71: -0.73656308 | D71: -0.36984242
A72: 5 | B72: 49.685053 | C72: -2.2550531 | D72: -1.1323053
A73: 6 | B73: 49.913543 | C73: -2.0635431 | D73: -1.0361445
A74: 7 | B74: 50.142033 | C74: -2.862033 | D74: -1.4370816
A75: 8 | B75: 50.370523 | C75: -2.040523 | D75: -1.0245857
A76: 9 | B76: 50.599013 | C76: -2.019013 | D76: -1.0137851
A77: 10 | B77: 50.827503 | C77: -1.357503 | D77: -0.68162824
A78: 11 | B78: 51.055993 | C78: -0.965993 | D78: -0.48504357
A79: 12 | B79: 51.284483 | C79: -1.154483 | D79: -0.579688
... A105: 38 | B105: 57.225223 | C105: -5.1452227 | D105: -2.5835148
A108: Actual return
A109: Date | B109: Volume | C109: Open | D109: Close
A110: 45873 | B110: 1756200 | C110: 52.48 | D110: 52.76
A111: 45874 | B111: 1416500 | C111: 52.92 | D111: 52.47
A112: 45875 | B112: 1437700 | C112: 52.21 | D112: 51.52
A113: 45876 | B113: 2352200 | C113: 52.21 | D113: 51.2
A114: 45877 | B114: 1349000 | C114: 51.75 | D114: 52.04
A115: 45880 | B115: 1798800 | C115: 52.08 | D115: 51.78
A116: 45881 | B116: 1302700 | C116: 52.3 | D116: 53.16
A117: 45882 | B117: 1798400 | C117: 53.37 | D117: 53.86
A118: 45883 | B118: 1312600 | C118: 52.74 | D118: 53.77
A119: 45884 | B119: 1075200 | C119: 53.75 | D119: 52.67

Sheet HIVE
A1: Date | B1: Volume | C1: TD | D1: CP | E1: SMA5 | F1: BSR
A2: 45817 | B2: 14261000 | C2: 1 | D2: 2.01 | F2: {=SUMPRODUCT(--(D7:D39>E7:E39))/33} -> 0.51515152
A3: 45818 | B3: 18445200 | C3: 2 | D3: 2.02
A4: 45819 | B4: 17159300 | C4: 3 | D4: 2
A5: 45820 | B5: 17348200 | C5: 4 | D5: 1.95
A6: 45821 | B6: 16016100 | C6: 5 | D6: 1.89
A7: 45824 | B7: 18221000 | C7: 6 | D7: 1.9 | E7: =AVERAGE(D2:D6) -> 1.974
A8: 45825 | B8: 12196800 | C8: 7 | D8: 1.76 | E8: =AVERAGE(D3:D7) -> 1.952
A9: 45826 | B9: 15642800 | C9: 8 | D9: 1.76 | E9: =AVERAGE(D4:D8) -> 1.9
A10: 45828 | B10: 24899800 | C10: 9 | D10: 1.7 | E10: =AVERAGE(D5:D9) -> 1.852
A11: 45831 | B11: 18031900 | C11: 10 | D11: 1.67 | E11: =AVERAGE(D6:D10) -> 1.802
A12: 45832 | B12: 19494600 | C12: 11 | D12: 1.85 | E12: =AVERAGE(D7:D11) -> 1.758
A13: 45833 | B13: 18746900 | C13: 12 | D13: 1.78 | E13: =AVERAGE(D8:D12) -> 1.748
A14: 45834 | B14: 28654200 | C14: 13 | D14: 1.79 | E14: =AVERAGE(D9:D13) -> 1.752
A15: 45835 | B15: 28373700 | C15: 14 | D15: 1.8 | E15: =AVERAGE(D10:D14) -> 1.758
A16: 45838 | B16: 32054600 | C16: 15 | D16: 1.8 | E16: =AVERAGE(D11:D15) -> 1.778
A17: 45839 | B17: 33289300 | C17: 16 | D17: 2.07 | E17: =AVERAGE(D12:D16) -> 1.804
A18: 45840 | B18: 51681300 | C18: 17 | D18: 2.25 | E18: =AVERAGE(D13:D17) -> 1.848
... A39: 45870 | B39: 32909700 | C39: 38 | D39: 2.03 | E39: =AVERAGE(D34:D38) -> 2.194
A42: CP=1.8231+0.0135*TD
A44: SUMMARY OUTPUT
A46: Regression Statistics
A47: Multiple R | B47: 0.67151975
A48: R Square | B48: 0.45093878
A49: Adjusted R Square | B49: 0.43568708
A50: Standard Error | B50: 0.16745344
A51: Observations | B51: 38
A53: ANOVA
B54: df | C54: SS | D54: MS | E54: F | F54: Significance F
A55: Regression | B55: 1 | C55: 0.82906281 | D55: 0.82906281 | E55: 29.566459 | F55: 3.9255081e-06
A56: Residual | B56: 36 | C56: 1.0094635 | D56: 0.028040653
A57: Total | B57: 37 | C57: 1.8385263
B59: Coefficients | C59: Standard Error | D59: t Stat | E59: P-value | F59: Lower 95% | G59: Upper 95% | H59: Lower 95.0% | I59: Upper 95.0%
A60: Intercept | B60: 1.8231294 | C60: 0.055419393 | D60: 32.896958 | E60: 1.8515057e-28 | F60: 1.7107337 | G60: 1.9355252 | H60: 1.7107337 | I60: 1.9355252
A61: TD | B61: 0.013469745 | C61: 0.0024771923 | D61: 5.4375048 | E61: 3.9255081e-06 | F61: 0.0084457662 | G61: 0.018493724 | H61: 0.0084457662 | I61: 0.018493724
A65: RESIDUAL OUTPUT
A67: Observation | B67: Predicted CP | C67: Residuals | D67: Standard Residuals
A68: 1 | B68: 1.8365992 | C68: 0.17340081 | D68: 1.0498002
A69: 2 | B69: 1.8500689 | C69: 0.16993106 | D69: 1.0287938
A70: 3 | B70: 1.8635387 | C70: 0.13646132 | D70: 0.82616181
A71: 4 | B71: 1.8770084 | C71: 0.072991575 | D71: 0.44190436
A72: 5 | B72: 1.8904782 | C72: -0.00047817048 | D72: -0.0028949316
A73: 6 | B73: 1.9039479 | C73: -0.0039479155 | D73: -0.023901403
A74: 7 | B74: 1.9174177 | C74: -0.15741766 | D74: -0.95303534
A75: 8 | B75: 1.9308874 | C75: -0.17088741 | D75: -1.0345836
A76: 9 | B76: 1.9443572 | C76: -0.24435715 | D76: -1.4793829
A77: 10 | B77: 1.9578269 | C77: -0.2878269 | D77: -1.7425567
A78: 11 | B78: 1.9712966 | C78: -0.12129664 | D78: -0.73435207
A79: 12 | B79: 1.9847664 | C79: -0.20476639 | D79: -1.2396932
... A105: 38 | B105: 2.3349798 | C105: -0.30497976 | D105: -1.8464033
A108: Actual return
A109: Date | B109: Volume | C109: Open | D109: Close
A110: 45873 | B110: 18134400 | C110: 2.05 | D110: 2.07
A111: 45874 | B111: 11677200 | C111: 2.06 | D111: 2.07
A112: 45875 | B112: 10333400 | C112: 2.07 | D112: 2.12
A113: 45876 | B113: 10209800 | C113: 2.16 | D113: 2.1
A114: 45877 | B114: 9168700 | C114: 2.1 | D114: 2.07
A115: 45880 | B115: 11585100 | C115: 2.14 | D115: 2.12
A116: 45881 | B116: 6304600 | C116: 2.13 | D116: 2.15
A117: 45882 | B117: 9107300 | C117: 2.16 | D117: 2.23
A118: 45883 | B118: 15354900 | C118: 2.17 | D118: 2.25
A119: 45884 | B119: 13996700 | C119: 2.25 | D119: 2.22

Sheet HUT
A1: Date | B1: Volume | C1: TD | D1: CP | E1: SMA5 | F1: BSR
A2: 45817 | B2: 5962900 | C2: 1 | D2: 18.55 | F2: {=SUMPRODUCT(--(D7:D39>E7:E39))/33} -> 0.54545455
A3: 45818 | B3: 4384100 | C3: 2 | D3: 18.53
A4: 45819 | B4: 4598300 | C4: 3 | D4: 18.52
A5: 45820 | B5: 4028900 | C5: 4 | D5: 18.36
A6: 45821 | B6: 4831600 | C6: 5 | D6: 17.48
A7: 45824 | B7: 4489900 | C7: 6 | D7: 18.46 | E7: =AVERAGE(D2:D6) -> 18.288
A8: 45825 | B8: 5327900 | C8: 7 | D8: 16.99 | E8: =AVERAGE(D3:D7) -> 18.27
A9: 45826 | B9: 5691400 | C9: 8 | D9: 17.03 | E9: =AVERAGE(D4:D8) -> 17.962
A10: 45828 | B10: 6626000 | C10: 9 | D10: 16.7 | E10: =AVERAGE(D5:D9) -> 17.664
A11: 45831 | B11: 7321400 | C11: 10 | D11: 15.89 | E11: =AVERAGE(D6:D10) -> 17.332
A12: 45832 | B12: 5097300 | C12: 11 | D12: 17.24 | E12: =AVERAGE(D7:D11) -> 17.014
A13: 45833 | B13: 6721900 | C13: 12 | D13: 17.45 | E13: =AVERAGE(D8:D12) -> 16.77
A14: 45834 | B14: 9417100 | C14: 13 | D14: 18.68 | E14: =AVERAGE(D9:D13) -> 16.862
A15: 45835 | B15: 7735000 | C15: 14 | D15: 17.66 | E15: =AVERAGE(D10:D14) -> 17.192
A16: 45838 | B16: 5177000 | C16: 15 | D16: 18.6 | E16: =AVERAGE(D11:D15) -> 17.384
A17: 45839 | B17: 6178500 | C17: 16 | D17: 18.48 | E17: =AVERAGE(D12:D16) -> 17.926
A18: 45840 | B18: 16981400 | C18: 17 | D18: 21.08 | E18: =AVERAGE(D13:D17) -> 18.174
... A39: 45870 | B39: 4766500 | C39: 38 | D39: 19.78 | E39: =AVERAGE(D34:D38) -> 20.292
A42: CP=17.5031+0.1163*TD
A44: SUMMARY OUTPUT | M44: =41299/35215-1 -> 0.17276729
A46: Regression Statistics
A47: Multiple R | B47: 0.68375497
A48: R Square | B48: 0.46752085
A49: Adjusted R Square | B49: 0.45272977
A50: Standard Error | B50: 1.3982168
A51: Observations | B51: 38
A53: ANOVA
B54: df | C54: SS | D54: MS | E54: F | F54: Significance F
A55: Regression | B55: 1 | C55: 61.794511 | D55: 61.794511 | E55: 31.608282 | F55: 2.2239071e-06
A56: Residual | B56: 36 | C56: 70.380365 | D56: 1.9550101
A57: Total | B57: 37 | C57: 132.17488
B59: Coefficients | C59: Standard Error | D59: t Stat | E59: P-value | F59: Lower 95% | G59: Upper 95% | H59: Lower 95.0% | I59: Upper 95.0%
A60: Intercept | B60: 17.503144 | C60: 0.4627455 | D60: 37.824557 | E60: 1.3970105e-30 | F60: 16.564652 | G60: 18.441635 | H60: 16.564652 | I60: 18.441635
A61: TD | B61: 0.11628953 | C61: 0.020684269 | D61: 5.6221243 | E61: 2.2239071e-06 | F61: 0.074339888 | G61: 0.15823917 | H61: 0.074339888 | I61: 0.15823917
A65: RESIDUAL OUTPUT
A67: Observation | B67: Predicted CP | C67: Residuals | D67: Standard Residuals
A68: 1 | B68: 17.619433 | C68: 0.9305668 | D68: 0.67471856
A69: 2 | B69: 17.735723 | C69: 0.79427727 | D69: 0.57590021
A70: 3 | B70: 17.852012 | C70: 0.66798774 | D70: 0.48433248
A71: 4 | B71: 17.968302 | C71: 0.39169822 | D71: 0.28400547
A72: 5 | B72: 18.084591 | C72: -0.60459131 | D72: -0.43836614
A73: 6 | B73: 18.200881 | C73: 0.25911916 | D73: 0.18787744
A74: 7 | B74: 18.31717 | C74: -1.3271704 | D74: -0.96228071
A75: 8 | B75: 18.43346 | C75: -1.4034599 | D75: -1.0175953
A76: 9 | B76: 18.549749 | C76: -1.8497494 | D76: -1.3411829
A77: 10 | B77: 18.666039 | C77: -2.776039 | D77: -2.0128002
A78: 11 | B78: 18.782328 | C78: -1.5423285 | D78: -1.1182837
A79: 12 | B79: 18.898618 | C79: -1.448618 | D79: -1.0503378
... A105: 38 | B105: 21.922146 | C105: -2.1421457 | D105: -1.5531883
A108: Actual return
A109: Date | B109: Volume | C109: Open | D109: Close
A110: 45873 | B110: 3189200 | C110: 19.97 | D110: 21.19
A111: 45874 | B111: 3364700 | C111: 21.07 | D111: 20.27
A112: 45875 | B112: 3130400 | C112: 20.27 | D112: 20.69
A113: 45876 | B113: 5940400 | C113: 21.16 | D113: 20.02
A114: 45877 | B114: 5391400 | C114: 20.15 | D114: 19.45
A115: 45880 | B115: 6131300 | C115: 19.7 | D115: 20.57
A116: 45881 | B116: 4121700 | C116: 20.6 | D116: 21.58
A117: 45882 | B117: 4859000 | C117: 21.91 | D117: 22.36
A118: 45883 | B118: 9120200 | C118: 21.57 | D118: 23.8
A119: 45884 | B119: 4728000 | C119: 23.55 | D119: 23.32

Sheet CDNS
A1: Date | B1: Volume | C1: TD | D1: CP | E1: SMA5 | F1: BSR
A2: 45817 | B2: 2517000 | C2: 1 | D2: 301.66 | F2: {=SUMPRODUCT(--(D7:D39>E7:E39))/33} -> 0.63636364
A3: 45818 | B3: 1603300 | C3: 2 | D3: 305.69
A4: 45819 | B4: 1259400 | C4: 3 | D4: 307.2
A5: 45820 | B5: 1012800 | C5: 4 | D5: 307.85
A6: 45821 | B6: 1188800 | C6: 5 | D6: 300
A7: 45824 | B7: 1697100 | C7: 6 | D7: 300.81 | E7: =AVERAGE(D2:D6) -> 304.48
A8: 45825 | B8: 1130400 | C8: 7 | D8: 299 | E8: =AVERAGE(D3:D7) -> 304.31
A9: 45826 | B9: 1221000 | C9: 8 | D9: 296.84 | E9: =AVERAGE(D4:D8) -> 302.972
A10: 45828 | B10: 2373300 | C10: 9 | D10: 295.4 | E10: =AVERAGE(D5:D9) -> 300.9
A11: 45831 | B11: 2134500 | C11: 10 | D11: 293.56 | E11: =AVERAGE(D6:D10) -> 298.41
A12: 45832 | B12: 1906300 | C12: 11 | D12: 296.8 | E12: =AVERAGE(D7:D11) -> 297.122
A13: 45833 | B13: 1736800 | C13: 12 | D13: 297.53 | E13: =AVERAGE(D8:D12) -> 296.32
A14: 45834 | B14: 2128200 | C14: 13 | D14: 303.69 | E14: =AVERAGE(D9:D13) -> 296.026
A15: 45835 | B15: 2331800 | C15: 14 | D15: 305.2 | E15: =AVERAGE(D10:D14) -> 297.396
A16: 45838 | B16: 1748300 | C16: 15 | D16: 308.15 | E16: =AVERAGE(D11:D15) -> 299.356
A17: 45839 | B17: 1332100 | C17: 16 | D17: 309.46 | E17: =AVERAGE(D12:D16) -> 302.274
A18: 45840 | B18: 1164600 | C18: 17 | D18: 310.95 | E18: =AVERAGE(D13:D17) -> 304.806
... A39: 45870 | B39: 2070000 | C39: 38 | D39: 356.97 | E39: =AVERAGE(D34:D38) -> 353.562
A42: CP=289.4251+1.4528*TD
A44: SUMMARY OUTPUT
A46: Regression Statistics
A47: Multiple R | B47: 0.82362428
A48: R Square | B48: 0.67835695
A49: Adjusted R Square | B49: 0.66942242
A50: Standard Error | B50: 11.270724
A51: Observations | B51: 38
A53: ANOVA
B54: df | C54: SS | D54: MS | E54: F | F54: Significance F
A55: Regression | B55: 1 | C55: 9644.733 | D55: 9644.733 | E55: 75.925317 | F55: 2.1503589e-10
A56: Residual | B56: 36 | C56: 4573.0516 | D56: 127.02921
A57: Total | B57: 37 | C57: 14217.785
B59: Coefficients | C59: Standard Error | D59: t Stat | E59: P-value | F59: Lower 95% | G59: Upper 95% | H59: Lower 95.0% | I59: Upper 95.0%
A60: Intercept | B60: 289.42508 | C60: 3.7300916 | D60: 77.591949 | E60: 1.1361611e-41 | F60: 281.8601 | G60: 296.99005 | H60: 281.8601 | I60: 296.99005
A61: TD | B61: 1.4528165 | C61: 0.16673142 | D61: 8.7135135 | E61: 2.1503589e-10 | F61: 1.1146695 | G61: 1.7909635 | H61: 1.1146695 | I61: 1.7909635
A65: RESIDUAL OUTPUT
A67: Observation | B67: Predicted CP | C67: Residuals | D67: Standard Residuals
A68: 1 | B68: 290.87789 | C68: 10.782105 | D68: 0.96984288
A69: 2 | B69: 292.33071 | C69: 13.359289 | D69: 1.2016587
A70: 3 | B70: 293.78353 | C70: 13.416472 | D70: 1.2068024
A71: 4 | B71: 295.23634 | C71: 12.613656 | D71: 1.1345896
A72: 5 | B72: 296.68916 | C72: 3.3108393 | D72: 0.29780769
A73: 6 | B73: 298.14198 | C73: 2.6680228 | D73: 0.23998679
A74: 7 | B74: 299.59479 | C74: -0.59479374 | D74: -0.053501284
A75: 8 | B75: 301.04761 | C75: -4.2076102 | D75: -0.37847162
A76: 9 | B76: 302.50043 | C76: -7.1004267 | D76: -0.63867845
A77: 10 | B77: 303.95324 | C77: -10.393243 | D77: -0.93486501
A78: 11 | B78: 305.40606 | C78: -8.6060597 | D78: -0.7741091
A79: 12 | B79: 306.85888 | C79: -9.3288762 | D79: -0.83912594
... A105: 38 | B105: 344.63211 | C105: 12.337895 | D105: 1.1097851
A108: Actual return
A109: Date | B109: Volume | C109: Open | D109: Close
A110: 45873 | B110: 1841900 | C110: 358.78 | D110: 364.88
A111: 45874 | B111: 1682100 | C111: 366.2 | D111: 360.5
A112: 45875 | B112: 1058800 | C112: 361.86 | D112: 360.16
A113: 45876 | B113: 1526600 | C113: 363.02 | D113: 354.33
A114: 45877 | B114: 1373000 | C114: 356.43 | D114: 352.06
A115: 45880 | B115: 1624500 | C115: 352.08 | D115: 349.09
A116: 45881 | B116: 1263000 | C116: 349.09 | D116: 353.61
A117: 45882 | B117: 1208400 | C117: 356.04 | D117: 349.12
A118: 45883 | B118: 1220400 | C118: 348.33 | D118: 348.92
A119: 45884 | B119: 1567700 | C119: 349.05 | D119: 349.88

Sheet CSX
A1: Date | B1: Volume | C1: TD | D1: CP | E1: SMA5 | F1: BSR
A2: 45817 | B2: 14841700 | C2: 1 | D2: 31.98 | F2: {=SUMPRODUCT(--(D7:D39>E7:E39))/33} -> 0.72727273
A3: 45818 | B3: 24562700 | C3: 2 | D3: 32.61
A4: 45819 | B4: 12114200 | C4: 3 | D4: 32.32
A5: 45820 | B5: 9380500 | C5: 4 | D5: 32.39
A6: 45821 | B6: 9032700 | C6: 5 | D6: 32.12
A7: 45824 | B7: 11703600 | C7: 6 | D7: 32.56 | E7: =AVERAGE(D2:D6) -> 32.284
A8: 45825 | B8: 12951300 | C8: 7 | D8: 32.12 | E8: =AVERAGE(D3:D7) -> 32.4
A9: 45826 | B9: 12808100 | C9: 8 | D9: 32.24 | E9: =AVERAGE(D4:D8) -> 32.302
A10: 45828 | B10: 31011100 | C10: 9 | D10: 32.06 | E10: =AVERAGE(D5:D9) -> 32.286
A11: 45831 | B11: 12350200 | C11: 10 | D11: 32.42 | E11: =AVERAGE(D6:D10) -> 32.22
A12: 45832 | B12: 12913900 | C12: 11 | D12: 32.48 | E12: =AVERAGE(D7:D11) -> 32.28
A13: 45833 | B13: 11235100 | C13: 12 | D13: 32.49 | E13: =AVERAGE(D8:D12) -> 32.264
A14: 45834 | B14: 12447700 | C14: 13 | D14: 32.57 | E14: =AVERAGE(D9:D13) -> 32.338
A15: 45835 | B15: 20445500 | C15: 14 | D15: 32.91 | E15: =AVERAGE(D10:D14) -> 32.404
A16: 45838 | B16: 12112500 | C16: 15 | D16: 32.63 | E16: =AVERAGE(D11:D15) -> 32.574
A17: 45839 | B17: 12862800 | C17: 16 | D17: 33.47 | E17: =AVERAGE(D12:D16) -> 32.616
A18: 45840 | B18: 8596900 | C18: 17 | D18: 33.61 | E18: =AVERAGE(D13:D17) -> 32.814
... A39: 45870 | B39: 19266500 | C39: 38 | D39: 35.01 | E39: =AVERAGE(D34:D38) -> 35.544
A42: CP=31.5940+0.1016*TD
A44: SUMMARY OUTPUT
A46: Regression Statistics
A47: Multiple R | B47: 0.94172936
A48: R Square | B48: 0.88685418
A49: Adjusted R Square | B49: 0.88371124
A50: Standard Error | B50: 0.40903507
A51: Observations | B51: 38
A53: ANOVA
B54: df | C54: SS | D54: MS | E54: F | F54: Significance F
A55: Regression | B55: 1 | C55: 47.210359 | D55: 47.210359 | E55: 282.1735 | F55: 1.2909024e-18
A56: Residual | B56: 36 | C56: 6.0231487 | D56: 0.16730969
A57: Total | B57: 37 | C57: 53.233508
B59: Coefficients | C59: Standard Error | D59: t Stat | E59: P-value | F59: Lower 95% | G59: Upper 95% | H59: Lower 95.0% | I59: Upper 95.0%
A60: Intercept | B60: 31.593983 | C60: 0.13537181 | D60: 233.38672 | E60: 7.5587221e-59 | F60: 31.319436 | G60: 31.86853 | H60: 31.319436 | I60: 31.86853
A61: TD | B61: 0.1016446 | C61: 0.0060509868 | D61: 16.798021 | E61: 1.2909024e-18 | F61: 0.08937263 | G61: 0.11391657 | H61: 0.08937263 | I61: 0.11391657
A65: RESIDUAL OUTPUT
A67: Observation | B67: Predicted CP | C67: Residuals | D67: Standard Residuals
A68: 1 | B68: 31.695628 | C68: 0.28437247 | D68: 0.7048174
A69: 2 | B69: 31.797272 | C69: 0.81272787 | D69: 2.0143467
A70: 3 | B70: 31.898917 | C70: 0.42108327 | D70: 1.0436552
A71: 4 | B71: 32.000561 | C71: 0.38943867 | D71: 0.96522407
A72: 5 | B72: 32.102206 | C72: 0.017794069 | D72: 0.044102616
A73: 6 | B73: 32.203851 | C73: 0.35614947 | D73: 0.88271675
A74: 7 | B74: 32.305495 | C74: -0.18549513 | D74: -0.45974984
A75: 8 | B75: 32.40714 | C75: -0.16713973 | D75: -0.41425596
A76: 9 | B76: 32.508784 | C76: -0.44878433 | D76: -1.1123123
A77: 10 | B77: 32.610429 | C77: -0.19042893 | D77: -0.47197826
A78: 11 | B78: 32.712074 | C78: -0.23207353 | D78: -0.57519444
A79: 12 | B79: 32.813718 | C79: -0.32371813 | D79: -0.80233566
... A105: 38 | B105: 35.456478 | C105: -0.44647773 | D105: -1.1065954
A108: Actual return
A109: Date | B109: Volume | C109: Open | D109: Close
A110: 45873 | B110: 13546400 | C110: 35.1 | D110: 35.46
A111: 45874 | B111: 11480800 | C111: 35.5 | D111: 35.65
A112: 45875 | B112: 12126100 | C112: 35.62 | D112: 36.01
A113: 45876 | B113: 14530800 | C113: 36.1 | D113: 35.25
A114: 45877 | B114: 10864400 | C114: 35.4 | D114: 35.43
A115: 45880 | B115: 14318300 | C115: 35.43 | D115: 35.23
A116: 45881 | B116: 20809900 | C116: 35.49 | D116: 35.82
A117: 45882 | B117: 21515200 | C117: 35.98 | D117: 36.08
A118: 45883 | B118: 23862100 | C118: 35.92 | D118: 36.35
A119: 45884 | B119: 17898100 | C119: 36.42 | D119: 36.32

Sheet Optimisation
A1: Ticker | B1: CP | C1: R² | D1: DG | E1: BSR | F1: Days_Invested | G1: Per-Co Cap ($) | H1: Shares (#) | I1: Invested ($) | J1: Expected Return ($) | L1: Port. Cap ($)
A2: ZBIO | B2: =ZBIO!$D$39 -> 15.41 | C2: =ZBIO!$B$48 -> 0.63313452 | D2: =ZBIO!$B$61 -> 0.17494037 | E2: =ZBIO!$F$2 -> 0.66666667 | F2: =_xlfn.CEILING.MATH(E2*10,1) -> 7 | G2: =50000*C2 -> 31656.726 | H2: 2054 | I2: =H2*B2 -> 31652.14 | J2: =H2*D2*F2 -> 2515.2926 | L2: =20000*COUNTA(A2:A9) -> 160000
A3: Z | B3: =Z!$D$39 -> 80.2 | C3: =Z!$B$48 -> 0.7985917 | D3: =Z!$B$61 -> 0.37343035 | E3: =Z!$F$2 -> 0.60606061 | F3: =_xlfn.CEILING.MATH(E3*10,1) -> 7 | G3: =50000*C3 -> 39929.585 | H3: 480 | I3: =H3*B3 -> 38496 | J3: =H3*D3*F3 -> 1254.726
A4: ZBRA | B4: =ZBRA!D39 -> 335.24 | C4: =ZBRA!B48 -> 0.88140196 | D4: =ZBRA!B61 -> 1.4031163 | E4: =ZBRA!F2 -> 0.78787879 | F4: =_xlfn.CEILING.MATH(E4*10,1) -> 8 | G4: =50000*C4 -> 44070.098 | H4: 131 | I4: =H4*B4 -> 43916.44 | J4: =H4*D4*F4 -> 1470.4659
A5: ZION | B5: =ZION!$D$39 -> 52.08 | C5: =ZION!$B$48 -> 0.61913531 | D5: =ZION!$B$61 -> 0.22848999 | E5: =ZION!$F$2 -> 0.66666667 | F5: =_xlfn.CEILING.MATH(E5*10,1) -> 7 | G5: =50000*C5 -> 30956.765 | H5: 1 | I5: =H5*B5 -> 52.08 | J5: =H5*D5*F5 -> 1.5994299
A6: HIVE | B6: =HIVE!D39 -> 2.03 | C6: =HIVE!B48 -> 0.45093878 | D6: =HIVE!B61 -> 0.013469745 | E6: =HIVE!F2 -> 0.51515152 | F6: =_xlfn.CEILING.MATH(E6*10,1) -> 6 | G6: =50000*C6 -> 22546.939 | H6: 11104 | I6: =H6*B6 -> 22541.12 | J6: =H6*D6*F6 -> 897.40829
A7: HUT | B7: =HUT!D39 -> 19.78 | C7: =HUT!B48 -> 0.46752085 | D7: =HUT!B61 -> 0.11628953 | E7: =HUT!F2 -> 0.54545455 | F7: =_xlfn.CEILING.MATH(E7*10,1) -> 6 | G7: =50000*C7 -> 23376.043 | H7: 1180 | I7: =H7*B7 -> 23340.4 | J7: =H7*D7*F7 -> 823.32986
A8: CDNS | B8: =CDNS!D39 -> 356.97 | C8: =CDNS!B48 -> 0.67835695 | D8: =CDNS!B61 -> 1.4528165 | E8: =CDNS!F2 -> 0.63636364 | F8: =_xlfn.CEILING.MATH(E8*10,1) -> 7 | G8: =50000*C8 -> 33917.848 | H8: 0 | I8: =H8*B8 -> 0 | J8: =H8*D8*F8 -> 0
A9: CSX | B9: =CSX!D39 -> 35.01 | C9: =CSX!B48 -> 0.88685418 | D9: =CSX!B61 -> 0.1016446 | E9: =CSX!F2 -> 0.72727273 | F9: =_xlfn.CEILING.MATH(E9*10,1) -> 8 | G9: =50000*C9 -> 44342.709 | H9: 0 | I9: =H9*B9 -> 0 | J9: =H9*D9*F9 -> 0
I11: =SUM(I2:I9) -> 159998.18 | J11: =SUM(J2:J9) -> 6962.822
A14: Ticker | B14: Expected Return ($) | C14: Actual Return ($) | D14: Deviation ($)
A15: ZBIO | B15: 2515.2926 | C15: =(ZBIO!D119-ZBIO!C110)*Optimisation!H2 -> 2464.8 | D15: =C15-B15 -> -50.492575
A16: Z | B16: 1254.726 | C16: =(Z!D119-Z!C110)*Optimisation!H3 -> 1891.2 | D16: =C16-B16 -> 636.47401
A17: ZBRA | B17: 1470.4659 | C17: =(ZBRA!D119-ZBRA!C110)*Optimisation!H4 -> -2614.76 | D17: =C17-B17 -> -4085.2259
A18: ZION | B18: 1.5994299 | C18: =(ZION!D119-ZION!C110)*Optimisation!H5 -> 0.19 | D18: =C18-B18 -> -1.4094299
A19: HIVE | B19: 897.40829 | C19: =(HIVE!D119-HIVE!C110)*Optimisation!H6 -> 1887.68 | D19: =C19-B19 -> 990.27171
A20: HUT | B20: 823.32986 | C20: =(HUT!D119-HUT!C110)*Optimisation!H7 -> 3953 | D20: =C20-B20 -> 3129.6701
A21: CDNS | B21: 0 | C21: =(CDNS!D119-CDNS!C110)*Optimisation!H8 -> 0 | D21: =C21-B21 -> 0
A22: CSX | B22: 0 | C22: =(CSX!D119-CSX!C110)*Optimisation!H9 -> 0 | D22: =C22-B22 -> 0
B24: 6962.822 | C24: =SUM(C15:C22) -> 7582.11 | D24: =C24-B24 -> 619.28795
C25: =C24/B24-1 -> 0.088942091
